relative_path,sha256,size_bytes
.firebaserc.example,8ce095561db17dc7de891f251361dd69852ff69c30f62dac452b61d24b88ad25,516
.github/workflows/release-candidate.yml,8aa52b4e6b33d4398c31f35b627b04955897a0a8493794b0fb5fa0c4f7cdaa53,547
.gitignore,831eedd61e14e2a916d5b9d448968e94b21ea0a4eb8e241b0c960352fd1606f8,288
apps/admin/.env.example,a2dc1737789d2d5ee1141fbf976dcb0b987a154e170adf63ab05160bef74debb,319
apps/admin/.env.staging.example,156e2a810a03e52e402ec864c52a42565721d919c9631424758e8d0087763e2f,541
apps/admin/dist/assets/firebase-4ZruEM9v.js,d2ce6c722addf20a6ff95161ed91ecd1633af7c05293457c4cc09b8a47742e94,8166
apps/admin/dist/assets/firebase-B001RGH8.js,260f1a78e4d581a4232c6cd6475a32ba171b72f0ff93b1d4f00604625a961771,10763
apps/admin/dist/assets/firebase-B3GeF4Xe.js,978ecd38c615363885728e90dfab34f50625a1fd23998bae59188e5390485052,63730
apps/admin/dist/assets/firebase-B5lCtWsF.js,4bcf108b47487427ea6031f8d57cd791476cf502c5fb9ad0cfeb0748c1cf3313,9580
apps/admin/dist/assets/firebase-BWrPwHod.js,11c49533880bd08197a26cd7da371548525bd2891950fc6ea936ab04c22877b6,157084
apps/admin/dist/assets/firebase-BXqL4aZy.js,aa9a8eb6023d0a0f49c35a38fe9dfe48ae325e9e542a9299736b274f33c92fa5,28239
apps/admin/dist/assets/firebase-D-z4seg1.js,554eae9b5a3d0e54412e51ff2fdc17ae1d29ced85973e98bc4d4c96bb9dc1636,85807
apps/admin/dist/assets/firebase-Djr_sta-.js,91ccfe0e09af19b573b7fc46c35250641058ff4f14c4c04645c2ade779bdf182,224260
apps/admin/dist/assets/firebase-DWtA5CGv.js,15c16268b3553e10d84ce0418f36f5661f6876a8d2d951058e1cb70ccb1664de,9358
apps/admin/dist/assets/index-D265IfcP.css,e0e92e5649ebcfe5072478af7f064912e8abb5c63d00cf7704002bbed734395c,38288
apps/admin/dist/assets/index-Dat1HbD5.js,463c47740fb52ce4e467f896cf08afcdbd060388536c2aa0d5cc0f0a33bd2b53,129097
apps/admin/dist/assets/react-D_-xs-I0.js,b58286d531d8a9bf84da55be4360236e9c5d9f9edad1e015d2b861276953b875,177804
apps/admin/dist/assets/react-DKgcDMPj.js,4677ca804683f505c9ff62bbd5efa54df990a0c1020e69f12b91c34602dba656,11924
apps/admin/dist/assets/rolldown-runtime-D9-fqq9M.js,a2b9cf4b963756dc2cae1ebdd1c0e51ef5780dd5bf64a55b90e21679c2b2434f,86
apps/admin/dist/firebase-messaging-sw.js,2a180364899963798c9b910820341b58f3275414144a1b7a973ecc2bcd8c9295,502
apps/admin/dist/index.html,34bab8d5423c1aa932454ebba150007f1252827c6bd4053d8350b46ccfeeff87,1546
apps/admin/dist/logo.png,f2c8ab3b1722ecc5f89eb6faca8ac2b5ebb9f82e7f57346d15183ea050cdca7f,611892
apps/admin/dist/manifest.webmanifest,d3a97e9e279ec2b7c498df87fdd07ca2b8bf1d6d3f47921087bfd199a65d99b0,313
apps/admin/dist/registerSW.js,9742073ef7fc795e7673d98f272992843298426a0ffd8cb3507784df5143608b,134
apps/admin/dist/sw.js,ac78ce37627a8bf14fe31773876c414040213c843863f87778fbbab8c184be7b,69063
apps/admin/index.html,f7e19009889d2b96687114a4edc00d7024888b04759782f42c45bcdfa1202512,377
apps/admin/package.json,50f1daeaef8de9f03672e4ee858652a21231fb2dd6e6fcfa155dc9398edf93a0,676
apps/admin/public/firebase-messaging-sw.js,2a180364899963798c9b910820341b58f3275414144a1b7a973ecc2bcd8c9295,502
apps/admin/public/logo.png,f2c8ab3b1722ecc5f89eb6faca8ac2b5ebb9f82e7f57346d15183ea050cdca7f,611892
apps/admin/src/App.tsx,41ca5744591dbcfc1fbe976b5c7a3d3917f1cce3dc033cea24449bf4f6d08ef1,209405
apps/admin/src/firebase-config.ts,9063317534c78600ba6a233a7d3256e4012fdfe9ff6955826c329ac2b96cca7c,1772
apps/admin/src/firebase.ts,7fb006779a71ff39237696fb99bdabf944376a6c73094d404c233f8638589baf,1777
apps/admin/src/main.tsx,7c5e9ac971cc6981aee6a50278b328448d2f089db1d564c1e55dc05ec04f2253,223
apps/admin/src/push.ts,ab8c7b6e87dd9b60dad549cf7af081e1e83fe3314539f85ffa5f446f8dc480e9,3418
apps/admin/src/styles.css,dde784761fd12ffe1de84065cfab2bf62688272362dcab121ea69c9a40c3f737,42096
apps/admin/src/sw.ts,7996c64de7cb72e95e45d32c55d8b9f3716fca3e34fea70b7cef077668059ab3,1741
apps/admin/src/vite-env.d.ts,220d4ce9d8c7c5bbd01ebf4e49424c2e5b53779e52d64fbbb15440f285c06ef7,285
apps/admin/tsconfig.json,56ba967cf934a879f4321988510e6d95b0a8929caa90aeefb291ea99349aca5c,595
apps/admin/tsconfig.tsbuildinfo,fe709dcdbb60a575a0dae2f20ea04805f39ce80584b98de37ac7cbfaed476da7,146
apps/admin/vite.config.ts,b5672a982aa78602a78575cf70c949cc5a2b508dc333f53ed1ad042d48923f3d,1553
apps/staff/.env.example,a2dc1737789d2d5ee1141fbf976dcb0b987a154e170adf63ab05160bef74debb,319
apps/staff/.env.staging.example,8383f744c83893b980658cb76fb3f745e1b8ea5cb80a0793a0d8576c3c050971,541
apps/staff/dist/assets/firebase-at8UUCLD.js,c63476958a4db56bd8f2f5f0487354724c28865adcadcf83c94550a842ed086f,47547
apps/staff/dist/assets/firebase-B2KE2PKe.js,80f482ff9c66526f367102c91136f1f90ad6e5e83e150015524cca65ff1050e3,8166
apps/staff/dist/assets/firebase-BnXxZvOh.js,4550369bd0ec0ade4176b96cb8303adb17b80345219312ca59d26459958efdfc,85658
apps/staff/dist/assets/firebase-BWrPwHod.js,11c49533880bd08197a26cd7da371548525bd2891950fc6ea936ab04c22877b6,157084
apps/staff/dist/assets/firebase-CmX2rlDr.js,6b7d9241fb093274721bc3992f5a196c78072a473fa7618ba7b4b55dc0efd803,63730
apps/staff/dist/assets/firebase-CRDdpzC8.js,586930ea3a31dc2158b0ba1919099ad7c2a661d9ea0d564b264569d985f9de5f,9358
apps/staff/dist/assets/firebase-CZVPvSW1.js,44ac77c73476aad920d8829ed7a57187b672924eea0f58983508b727f713c5d1,9580
apps/staff/dist/assets/firebase-D4UQIA0k.js,35084b46ab8d3641df932f5443782d25a28725a1e89f2dffe4966142352835be,225124
apps/staff/dist/assets/firebase-DvxXIF7B.js,771fdebae928de8754fd93d634d018734984f97b36dd0ece74e81632c32025d3,11688
apps/staff/dist/assets/index-Bip_lLCy.css,d33970885cb04b42cece50b854a5ee8e0a49e1f64f08b930160cefb9d8f34320,5790
apps/staff/dist/assets/index-CvYzHw-L.js,a2d3a6a836d8cc6957f27601315b3a69a81f6be914e1e47232aacff41088ba2d,20631
apps/staff/dist/assets/react-D_-xs-I0.js,b58286d531d8a9bf84da55be4360236e9c5d9f9edad1e015d2b861276953b875,177804
apps/staff/dist/assets/react-DKgcDMPj.js,4677ca804683f505c9ff62bbd5efa54df990a0c1020e69f12b91c34602dba656,11924
apps/staff/dist/assets/rolldown-runtime-D9-fqq9M.js,a2b9cf4b963756dc2cae1ebdd1c0e51ef5780dd5bf64a55b90e21679c2b2434f,86
apps/staff/dist/firebase-messaging-sw.js,2a180364899963798c9b910820341b58f3275414144a1b7a973ecc2bcd8c9295,502
apps/staff/dist/index.html,54effd5dca4c0ff1b1b339bea48a3625846a91885722356412b6727f52e43cf8,1540
apps/staff/dist/logo.png,f2c8ab3b1722ecc5f89eb6faca8ac2b5ebb9f82e7f57346d15183ea050cdca7f,611892
apps/staff/dist/manifest.webmanifest,fdd1ec72fa4f366c53ec9bfbe0ef91c237ede1f090fb96118ee4bad35cbaa6a9,310
apps/staff/dist/registerSW.js,9742073ef7fc795e7673d98f272992843298426a0ffd8cb3507784df5143608b,134
apps/staff/dist/sw.js,b863eac943cd9150a7d2009ec73c76bce5d924d7963f8fc914376d21d5e8230a,69063
apps/staff/index.html,b703894f209a61a39205bf4e23b951ecbc57271bf5f6af868fd0f4adb72bd357,371
apps/staff/package.json,528dc7094167606c206349e52f2844b314595f5f0b8f46735fbda348a299b0c0,676
apps/staff/public/firebase-messaging-sw.js,2a180364899963798c9b910820341b58f3275414144a1b7a973ecc2bcd8c9295,502
apps/staff/public/logo.png,f2c8ab3b1722ecc5f89eb6faca8ac2b5ebb9f82e7f57346d15183ea050cdca7f,611892
apps/staff/src/App.tsx,eb5fad58451e036c26ecb001350e82dd5e9fe55d0ce90c2dd19926ee34db5b70,22660
apps/staff/src/draft-store.ts,d5f4e47f3829a89bdcac0785a72949dbb82b6a5b0a48d74852754239e4029418,2068
apps/staff/src/firebase-config.ts,9063317534c78600ba6a233a7d3256e4012fdfe9ff6955826c329ac2b96cca7c,1772
apps/staff/src/firebase.ts,7fb006779a71ff39237696fb99bdabf944376a6c73094d404c233f8638589baf,1777
apps/staff/src/main.tsx,7c5e9ac971cc6981aee6a50278b328448d2f089db1d564c1e55dc05ec04f2253,223
apps/staff/src/push.ts,ab8c7b6e87dd9b60dad549cf7af081e1e83fe3314539f85ffa5f446f8dc480e9,3418
apps/staff/src/styles.css,4a9ca74be816743c1a61a412f04e6d1982d3103fbac2df6a1846b7bdc976e654,6526
apps/staff/src/sw.ts,7996c64de7cb72e95e45d32c55d8b9f3716fca3e34fea70b7cef077668059ab3,1741
apps/staff/src/vite-env.d.ts,220d4ce9d8c7c5bbd01ebf4e49424c2e5b53779e52d64fbbb15440f285c06ef7,285
apps/staff/tsconfig.json,56ba967cf934a879f4321988510e6d95b0a8929caa90aeefb291ea99349aca5c,595
apps/staff/tsconfig.tsbuildinfo,b835f4c2957c96fa5ed7e7487f69c6f8738cb3171d46e6fec3f715bbdd67b2e2,169
apps/staff/vite.config.ts,5869ff68edfb0d819fc72c8a69a1cc9ff1ca17fb29dd80587b69fd1f7761d160,1550
BILLING_TEST_MATRIX_v1.8.csv,368ba599a2b960bbb6a321767da306960df6a2afe1db720794c42206bc813985,591
BUILD_VERIFICATION.md,68dbc99374d8a426cd07eece6ba68f9217ff8283b7e687148f62d09fa3435f11,2171
CHANGELOG_v2.1.md,ab8ab48d4dc86bd94a5ae002dd4ec32c5eafb292f57e928d03b42bfb800594c1,582
CHANGELOG_v2.2.md,33a5ea6bbe2f9424329eed0ac4294b28cd83968b94a333617c7078dda7f5afed,525
CHANGELOG_v2.3.md,df35f4108b9254d96e1535eda6963a8773892125b96140fc00e0ee9476908bd8,770
CHANGELOG_v2.4.md,2897b8676b2d86777b71df8902161da9791c89bc09bde6aff26d6a139ef70a30,713
CHANGELOG_v2.5.md,645f58accccb637a58e206d2afa5fc104694bbbdcec736d1ad1cc5c7ee00d4f3,702
CHANGELOG_v2.6.md,d88452a77d677ee9c30d85937df8df489052576aa25282205b0ea70df4ad2d96,648
CHANGELOG_v2.7.md,527d48f2e77dec89c17a3bbfdd7cb081c16ee9b57b617ef78685dcdc517d22ab,690
CHANGELOG_v2.8.md,94756566f7f203432d0a2e54aaf38234833e3f9b47c5eee2f1e6846eb85f69b4,719
CHANGELOG_v2.9.md,200f9d73f42884db5ffbc3771dede4b0208781255fe76357704eec2768bbe37c,784
CHANGELOG_v3.0.md,31555f511f54f2691596f1af86badddd34c268e1fb916397d05d124caa620785,822
CHANGELOG_v3.1.md,4f145c454b0a1b25e9fa1f21b8b358a2e99b54a7f6f1f5b9127945a0186076db,912
CHANGELOG_v3.2.md,090fd6d8d333265ab826d1b06a458127e2fae7c459dfa1df775100ea92b6c8f7,948
CHANGELOG_v3.3.md,dbd12b7735aff45a2a7185b3947050634893a03084d4d2fe24e7ea1ce4db8db7,769
CHANGELOG_v3.4.md,2dddc1a7a6456c721978507f672360d0ad75b8bfaf26db878a65e40bd3c69208,893
config-samples/admin-claims.json,2861bc0f5ce86b3e2596c9d1fa376f59d620aa3589b8bd5a21cad9be921f697a,48
config-samples/company-feature-settings.lipknots.json,2375eca60b1b13c8ba4904ae2492c17424d9fb6b7ab980063dbfc28322ddea21,313
config-samples/drive-settings.json,c6b9ea9b6864ff77c460bf95a501daae62a426de356c50ba68fb0469d2ca22bf,190
config-samples/environments/development.json,ad24c9627e87b2f0b012c48b19fb4b54ec19768a63eb934373d678444d9b156b,283
config-samples/environments/production.json,b9d69571ca352fdfad7a8d5c936440eb492d6e14df39dc52c3d889421915e81e,333
config-samples/environments/staging.json,a0278da763d1d13961e056a01b3e7c8346b77e7817a6e5d370ba31439dde1a20,334
config-samples/notification-settings.lipknots.json,a58da1fb155142c6b0fe4843fedcc4d54af85fb2a250a62bcff2d7469d12e47d,513
config-samples/production-rehearsal.example.json,f1a8dc86c6fb9a0c3acb02f41cafb347758a3f6e26a76d1476b0ea1064d30dcc,256
config-samples/setup-wizard-input.lipknots.json,193c7adb15e6bc85c92d7557e472647700495bf48e93e7f6949dabc2ae8ab146,359
config-samples/sheet-import-config.after-column-additions.json,29787f15a00d3393f8563ca81d1706a580641538c9ea3896b1b555cb2c56c3ec,1349
config-samples/sheet-import-config.lipknots.json,e222ce31d46725e841de69dc02e734d28c58f4d6dc70daa778a3b84b00fa5ec5,1271
config-samples/sheet-mapping.safe-write.json,d252282a5ce52c60c33d23d6cd9bce8d9c0c5fe1deb825347049593b67ac52ff,5021
config-samples/sheet-mapping.shift.json,da9dfc60bcc396ac422c7ae65c31f9b9371d388fb94afdf022f72fe18a9b9d66,309
config-samples/staff-import-config.lipknots.json,8781aeeb856d6385ccfdd64ed1b00b4977d33268db67d744b11c3769e20d422b,740
config-samples/staging-setup.example.json,0a88fba1d633e99cc6e601d10c48fd775e4f0f4fc8794a127b8abbace858cf85,1345
config-samples/staging-smoke.example.json,1bbfeafb6037fd04d0eb3ec3ac5533301cb75d24f329c4e7a271839d9adf5ff7,585
CUSTOMIZATION_HEARING_SHEET_v1.9.csv,958bd284e22c4029f5e6aabd276451935794ca9a5b0f58e7741e29137f9faa12,505
docs/ADMIN_OPERATIONS_V08.md,817cc69e75d0750db55ec22991af43f41c1ce6f14e3418b7dc61fd67804aaafc,1010
docs/ARCHITECTURE.md,12240da8dd1dbc0a942997aa93ce6d15d543324b3e6371a80f4221256fd4d62e,1513
docs/BACKUP_AND_RESTORE_V20.md,8327a904e249def2c9306cb72e1b76f33283e82499a2fb588a698bc8f5cad2f9,423
docs/BILLING_ARCHITECTURE_V18.md,58b8d00f9290b4b28de1694ffe0b15d33df2e61f89c43af7685f00dbd76fb09a,382
docs/BILLING_LIFECYCLE_V18.md,fa1d35c984893819baa18ded5c8fc713e89af4fcc4308be709d894351795a959,326
docs/BRANDING_AND_DOMAIN_V17.md,144459bc7e3a5368339a138ff7273ff5ae39a5042a148dd35e0d6c0cdf8055c4,148
docs/CALLABLE_API.md,c84d8e445bed43098d6e24a0a992b460c22495bfbd7de88a79002eddef144259,6099
docs/CANCELLATION_MANAGEMENT_V09.md,17b88cc9349c72324ebce97d1ff3caab98fc4504707df23997977d5786a731d8,1189
docs/CASE_ID_STRATEGY.md,411f125abcc559b84184b310ee071d7f0bea0aeced892b7bc2240cf14c77bbf2,954
docs/CLIENT_MAKER_EXPORT_V10.md,631cefa350d9fba042fea6c9ef428cd2d596bf4ffb1533ebe6a26b1407fdb01c,537
docs/DEVICE_MANAGEMENT.md,ead8b038501dbcdb7905abbf33f595201044733ae7c6018347629f09ccff4c1e,1080
docs/DRIVE_CLEANUP_POLICY_V16.md,7f0a00c484eb2812a7f04fb04e89ae0dd5383d211dd173d81af0a20651765540,743
docs/DRIVE_VERSION_MANAGEMENT.md,0897b4325ac404768f507a36ad3a1f653732426c9998ba92d618607c0486e539,1187
docs/EMAIL_DELIVERY.md,bc6d75ebd60d9bb060216864738e4ef2cc6d44f33e65a6be20fb230666340b49,591
docs/ENVIRONMENT_SEPARATION_V16.md,d92ecb6472f11365c552fc4e3257567000109a2883cadb90b271fb70dba43edb,692
docs/EXPENSE_REVIEW.md,5abc7c24204c1204219842935924ab13806ac59fae6c6cf8650786ee87027a63,584
docs/FINAL_DRIVE_CLEANUP_V20.md,1056d3ca833284d081419462692c8fc7774ad45c7192ba2c2a6273c0683453e7,818
docs/FINAL_FILE_RETENTION_PLAN_V16.md,23360f77510eebd3cafa815e17b76e0ed9c030abd1f785f4bb9633099737f5b3,477
docs/FIRESTORE_SCHEMA.md,e3cecb92426227064b46060b26d54595f35e924ff41a1a6c3edd958ab5630457,7853
docs/FIRST_WRITE_SAFETY_GATE_V13.md,d899708e31619a4f748b356b87d35569c903a5264286967b5885a0538ae51be6,313
docs/GAS_AUDIT_REPORT_V14.md,2b55721f26dce07b3a642e14a215a9e488f60b6ca2a4de17d342ffcd7d4c861f,317
docs/GAS_DIFF_REVIEW_V15.md,631a3c9794795c11bf6b4fe38d344cde946550ebc78b25ab581cada9a7fac8b8,418
docs/GAS_EXPORT_INSTRUCTIONS_V13.md,ba0a9a6985acc0e84357c3ab6ab7b753d5909e36f5feebf17cb1ba89b42bfbdc,252
docs/GAS_PATCH_SUGGESTIONS_V15.md,38a9db7aab5622a9470dac2265aa122ed0b3f399e0ee50b7e4801cc706e05263,582
docs/GAS_REGRESSION_TEST_V15.md,2e030ec8904047b8d711e68392c3ffb2f47e5764f27b4c89280f542ee42047b1,417
docs/GAS_REMEDIATION_WORKFLOW_V14.md,9216bc0f06062b36d97259d3d82c16c02de6ff090e3b042708a6dec85f85f10a,398
docs/GAS_STATIC_AUDIT_V13.md,58964d70657a2d8c1540118043435b4f23d61b5a6aedb9c368e0646d720d74ad,438
docs/GAS_UPLOAD_AND_SECRET_SCAN_V14.md,465187f2f964f1e7912695c12654a2146d1ed2d4bf15a90d5f81437e82d1f7f7,541
docs/GMAIL_WORKSPACE_SETUP.md,a924102295328429a8f8f2fe3d8e9a865a4757d577af76782fe5979a93654f06,831
docs/IMAGE_COMPARISON.md,3663c7e80f4c51d5d1cc0c90f231fb024cf9000d7b4d72b8ed9d5cd17f902000,753
docs/INVOICE_AND_RECEIPT_V18.md,7170d365cf2d31ac2587b30de8e8a8bc31e9ff01ef1fd4baea9d8163555154bc,204
docs/JOB_CREATION_AND_DUPLICATION_V10.md,840e2527b4410b278775fcb2e9235bde845946feeb4952b70176b605c5fd1c94,1049
docs/KNOWN_GAPS_BEFORE_PRODUCTION_V20.md,b3cb8ef57c555fa6fe3ab0151996ad19cb41b6e442dabd330e953f200cf92eb8,713
docs/LOGIN_AND_DEVICE_DEPLOYMENT.md,7700198b9ec98d791c46d58bd12bcf8a22b22996f3bac66f1920554e37ff1cf0,674
docs/LOGIN_INVITE_EMAIL.md,0dd84aeba1513cd97155e8c9153cb0766a95172aade910b0d5e9e2a8663dcaa8,1102
docs/MANAGEMENT_ANALYTICS_V09.md,32fa9310a601eb7e5f3b113ebd0931a04350bdb961fed78add3598fa0e798eff,984
docs/MODULE_CATALOG_V19.md,f868d958d3a9489293583cc01594b4d005b0bed643d685fdfdbab133825b5adc,173
docs/MONITORING_AND_ALERTING_V20.md,86bc155b2c34e492ae2be80a0c77b5f80ae68c77e3cff5ce8726f16b02ac7fa6,694
docs/MULTI_EMAIL_ACCOUNT.md,085bbd45b9cda9221d1f9191728cf7eb206080b131268188d4a495bbc875f9d0,1070
docs/MULTI_TENANT_ARCHITECTURE_V17.md,8ee0e34796d5d0715d218d3540732c2a711201901707c9e9432ec205aeed6484,227
docs/NETPRINT_MANAGEMENT.md,e016b2ff0e0f06503a96e0f61e717b6031baa39106fe2637a1ec4f971e43fb01,364
docs/NEW_TENANT_ONBOARDING_V20.md,475495d4ac91119b29ba6f6379e063c87efa50a305f4569e32e40ac0fc4207ed,450
docs/NOTIFICATION_DEPLOYMENT.md,4eb51b7ac962e7247db30a2ee4705e4020a1d706828d1efdf9dc020236e390ee,734
docs/NOTIFICATION_QUEUE_DESIGN.md,905fe46ad491fba06836a131b4b3a099cb9c087108290b0b7845ed55a5053697,1079
docs/NOTIFICATION_SCHEDULE.md,e3360bf5b2d11fe6ddfe1ae4826dd9298b62eac2e473672ed852d12d07ca742e,1824
docs/ONE_WEEK_CUSTOMIZATION_V19.md,63f52233e094ee46127084e1a1effdca7906cc4b6e3f067ab7dbac212cd028e6,253
docs/OPERATIONS_MANUAL_V20.md,46cc50f31bc937587a7eda07610c6f5e5227600f78bb7716ac7e24ce735ec38a,430
docs/PILOT_DISTRIBUTION_MONITORING_V27.md,6902ed924611fd3af14ce598c64e41f3d364875a8f265c413aec2f5d3145fc1b,1928
docs/PILOT_READINESS_V11.md,922e1f98d4f0342c7669622d2c3c9a7df5f37e232592f11eda9969f26268f893,807
docs/PILOT_RESULT_EXPANSION_GATE_V28.md,f85712163d58169e30c74ac1fb4dd2e755cdeac96def0371ad2332ac97471c91,1879
docs/PILOT_ROLLOUT_PACK_V16.md,d5a7a2fe7a0a9501150f89aebebd0c27b38071dbb25b9ba71e17ffb342f4a0d7,625
docs/PLAN_AND_LIMITS_V17.md,098a2c12995d427b9c5a67670d726e8342693b58555edd7cadff290650956b85,199
docs/PRODUCTION_APPROVAL_KILL_SWITCH_V30.md,009445f26a3afd944299c1797e37ab3030eaa353a07cb904c4f3db78b7924e40,1976
docs/PRODUCTION_CHECKLIST.md,91334c1095ba3df985e74cfba11e5570796849aab708376f2cf890971562cafe,679
docs/PRODUCTION_CUTOVER_COMMAND_CENTER_V33.md,a9d8bf48ac9e365a94be5b074b460b5b2e34b363208a7471482b04b88da192fb,2032
docs/PRODUCTION_REHEARSAL_RESTORE_V31.md,c51e8e7438730f6b7cebe001d3a7a7762d1be00e4dbeb448d23e648503ae429c,1785
docs/PRODUCTION_RELEASE_RUNBOOK_V20.md,af7ec296af27002ff95a0e3af444b926a2303bd841ed581c7f9d8ce23511e306,878
docs/PRODUCTION_SLO_INCIDENT_MANAGEMENT_V34.md,3d426ff401090a1a883dfa9f5184bfeedabd2042b6f15a4bf604cc840d27eb54,1993
docs/PUBLICATION_AND_RECRUITMENT_V10.md,6e726298073a38808bc8fca551fb0d503a0fd032c2f3079a53e4f17435fbf702,758
docs/PUSH_NOTIFICATION_SETUP.md,b6332a51883c2149db385cc48e27e66aba999518ddb85fd1f9e7c8cd4574cc0f,1400
docs/RECOVERY_RUNBOOK_V16.md,972c952df91f292b58e66b2196cdc251658afd33aadf5e446c9d584443d4a9b7,606
docs/RESUBMISSION_WORKFLOW.md,ff749fc07edbe39a2b10be84e60b95fc71b47b578e551f518b573627be473571,412
docs/ROI_SIMULATOR_V19.md,c9c8eb29516e0dbd7bb7ca906b467dfb1cbf3a92eb3171eb54097b513dc86ea8,175
docs/ROW_CREATION_CONFIGURATION_V11.md,d499aef60157080e45bf2b6e2cdec1a24a32b0208556830a274cc5ccbd063f8b,1385
docs/ROW_CREATION_VERIFICATION_AND_ROLLBACK_V11.md,f885f504ec653e37695a257c21dcdf3961190b8372ce51e9295ae9bff729df8c,908
docs/SAFE_JOB_EDITING_V10.md,dd3df651347a8adb956f0fdceccc08f01e8a6c8cc894a960addf91a995f9fdd7,947
docs/SAFE_MONTH_CREATION_V12.md,d9278333272f15ff363325c427c1bfb86d2a8b78359edae3d70d37ee7d2c1086,1252
docs/SAFE_MONTHLY_ROW_CREATION_V11.md,43c7e13c9856264ee411f1a9593f43b8d68a70dce7694936371acecf6cc6457d,1365
docs/SAFE_SHEET_WRITE_QUEUE.md,f6949cf7aeb2abb231e8e90f5d32b269c29ba8cb65d8e090745f04e665cb3489,796
docs/SALES_DISCOVERY_V19.md,57809f8f54d492f97497ce205ba263230ce34adcda2c8bfc29728ec3d751c753,223
docs/SECURITY_RELEASE_CHECKLIST_V20.md,08324726ebb7022cb583ddb8080106448b0e384454747a38543324663b796494,572
docs/SETUP_JP.md,0388ce74648c9a3c4c8ec2fcb1864319a77ec57b3adba507e91c9cf636f150d2,1736
docs/SETUP_WIZARD_SECURITY_V12.md,4805ebb1cbfb7289c84115a89dbea0f62ecb564704bba576b8efc328300ee7b9,682
docs/SETUP_WIZARD_V12.md,74d0ff87e3f4f6700de260b087e9a11c41b7ba30455bc5626cec69f6edd72fa4,1073
docs/SHEET_IMPORT_READONLY.md,2546d00255a8702a115ace294eb42f53855d65eb0dd974eb17050b25ee264f0c,1848
docs/SHEET_WRITE_ENABLEMENT.md,57bc4c32d467ca0cbf2d20ead3a88bc5b54af4de7ab0ce128c147ca910a68835,623
docs/SOURCE_OVERRIDE_SAFETY.md,daef7406a70758a161b5b0c5f013e2b601cc6d370c3a8b0b804743a629c89ca6,637
docs/STAFF_IMPORT_READONLY.md,62c0a53f871750f8c936c8f285196e46fec66ce63b0ac24b4b1c795125340015,1369
docs/STAFF_PERFORMANCE_V09.md,412dcc9db64e3ac58784138a6a6077541cc0ee24ff2aea1d460f822ff169bed0,578
docs/STAFF_SYNC_DEPLOYMENT.md,fbe3aaef392694b4301709ba0f7965a5b7f127f5047b926dcbb504c4d550dc5f,974
docs/STAGED_ROLLOUT_CONTROL_V29.md,ee1a1ce298c6b63e7c6043bc4eb9317700ae2eaf503bb293a31432031932c055,2028
docs/STAGING_PREFLIGHT_V23.md,c6beb5086be0dc51b7b6ce4ab524a8fb750550e67dca5a02112de2659a414a33,1515
docs/STAGING_PRODUCTION_SIGNED_APPROVAL_V32.md,c7b1e2696f67dd3d77abb2d3e54149830c7b13dd3469de693386912777727dcf,2472
docs/STAGING_RELEASE_EVIDENCE_V25.md,3e216e7b9e0d7a315bf466926e30a7d5f26c506943a66747b65b31b0d1431e1a,2558
docs/STAGING_SETUP_AUTOMATION_V24.md,4b141f9e8aa15a61901e49f9cfcb209119e714175b9a8c875d0a19a65f7df7bc,1992
docs/STAGING_SMOKE_GO_NO_GO_V26.md,d76f87d315636c97e8264629e3b313c3a1239c269e3025561f9fd667bb07a43e,1529
docs/SUBSCRIPTION_LIFECYCLE_V17.md,819f19967550585d077e2b9f7bec2766e9c8d93326abf7cc5ea1a6b0267ce0d4,121
docs/SUPER_ADMIN_V17.md,f38dd112e3fc2a32845fb732064024fbcde228a89e8be5a0e33acab7e6b9e01c,188
docs/SYNC_DEPLOYMENT.md,9d56314756fe86ae67a1738d4721b69aa7d00191f842ae2a5475abceb51a50c9,1395
docs/TENANT_BACKUP_V17.md,82fe82559410ca7bbbb73b775593698646101e96ad4fbff76278eb396a347253,125
docs/TODAY_TASKS.md,a3b85cc5e31a6f297113cf7cfb93b1a2d45ccce5b8b7e60ed7ffaab36b882faa,426
docs/V10_ENABLEMENT_ORDER.md,b61b9ca56352d2d2c8a36fd748749516b6a2c769c3cf14f2e88ecb5ddf956cae,531
docs/V11_PILOT_ROLLOUT_ORDER.md,a3a0df778deae06e7594cc20cc0d80a9f7a716e06ac54fa194781d2f4c60cbb6,1279
docs/V12_ENABLEMENT_ORDER.md,e8360f6a4848244bc7ce00e9d968a32a4eb5e1c127792cc8a233688e204ba133,1074
docs/V18_ENABLEMENT_ORDER.md,cc764714cf2370929fa007ad4e9d25cc87cd28bbb45211c672e06ddc06542d1a,379
docs/VALIDATION.md,7c2c227e334727ebcc95cfc31094003874fd57a23a6438cca5fca4d82c9beccf,758
docs/WEBHOOK_SECURITY_V18.md,269b4302abbafbb62bfefda6ffe4879f12682e0467f92a6c2fe462cf0e304ab3,286
DRIVE_FILE_RETENTION_REGISTER_v1.6.csv,4f0e0b6badafbf833e5eeee7b8b23260f548b789176018eaa8cede96f5c37966,1181
FILE_CHECKSUMS_SHA256_v1.6.csv,bbfd56f7a3ec0928d242b7c3491254f40254c8d6dcd9fd66a81a382bce27f50e,34624
FILE_CHECKSUMS_SHA256_v1.7.csv,690a71103a27d54d49fe87a22618a8357fe4f0ab6856e5911bd32ab30cd6872e,36157
FILE_CHECKSUMS_SHA256_v1.8.csv,6504953fe5b27b514fd865be9e26e2364c88ee15b17ace32b8bc3b3ae24b07c7,38028
FILE_CHECKSUMS_SHA256_v1.9.csv,274cae74227273cbd2ef9ba12d16bde0b71938c8971e01897144129ecc193346,39483
FILE_CHECKSUMS_SHA256_v2.0.csv,699ab635f7d7be3745ad1ed32363f3f218f2e2f0decefe842a825b4f48ac65b2,42408
FILE_CHECKSUMS_SHA256_v2.1.csv,f5c6cfa02f2cddc9a0a50074227c6928aab88402305b86573b8c3b35f13421d7,48261
FILE_CHECKSUMS_SHA256_v2.2.csv,5edce30d7891b1c9b4f70f0b231b252b0d625ba802f42ac7c585a802ab82927a,51379
FILE_CHECKSUMS_SHA256_v2.3.csv,539153e4eb6c2d23c108bf1734369916843bd32848172f78de79240150151381,52773
FILE_CHECKSUMS_SHA256_v2.4.csv,26c30b63ac00dd9bc6a5c2104f4e781ce3c9ae0a2d1ec7a3bcc8c6bea3617b17,53886
FILE_CHECKSUMS_SHA256_v2.5.csv,31d953a650b6b065133f14b306284d279790bab6edbc0787657a9c8eb84559cd,55013
FILE_CHECKSUMS_SHA256_v2.6.csv,afd4cba9a434e40c58b45ea3926faa998ae99b478b7f45d478594c1b514c6a3a,56017
FILE_CHECKSUMS_SHA256_v2.7.csv,8099c6da8cc953120db27b8849b6939b3b40eb7c5afc0478de01328579e542cc,56934
FILE_CHECKSUMS_SHA256_v2.8.csv,7f01d19ecfd44dc96ae8f3a51e2e7fb3798d101f4fcbaad1a62c8e4ef34bf201,58401
FILE_CHECKSUMS_SHA256_v2.9.csv,2ab4e9ec96608ef1c6df7e8e864272676306986976f1038c90608021184d961a,59855
FILE_CHECKSUMS_SHA256_v3.0.csv,ec1ea2c7579790cdd78337ebad6445d74e9f5b9ae938d61d63e9285ec20fe595,61660
FILE_CHECKSUMS_SHA256_v3.1.csv,5c29704eee99db34444becfe9997ec0a3e4bf2056dfce97c9ee0503c15e1085e,63610
FILE_CHECKSUMS_SHA256_v3.2.csv,3fa3e386237cc4074af01eff945e48a5c4e734efd8c8c8c0a9e9bfd9db77678f,65284
FILE_CHECKSUMS_SHA256_v3.3.csv,2b2280ef3fb4d26af4b0cd7c035653077979ce1e30b61abd979a5977acd3f40c,66784
FINAL_FILE_RETENTION_v2.0.csv,c4bda73552497b3482d5fb1690c3144f4424b4d05dd5d1571cf4c6e41f0d5c37,869
FINAL_FILE_RETENTION_v2.1.csv,664f222ad9a1537af9b617cdb9929e5132dd15ad7e99011171d1fbe377d1dbc4,865
FINAL_FILE_RETENTION_v2.2.csv,2a3e1e2ff764f5b4f5877dac6ce5d43d16b12f3f36e08c405f1afbae2a258935,854
FINAL_FILE_RETENTION_v2.3.csv,46467b084dd2d65c666da9ea19b6ce18604736ec1f94203f3af9c0e73bc4fe8c,862
FINAL_FILE_RETENTION_v2.4.csv,9cd7aa569ecb887305aa320874daea60fffc19c2a701d0735373f9f43ee6d2a1,977
FINAL_FILE_RETENTION_v2.5.csv,349ce4c253e04fa79405b35879a637ffe2cbedc24b6ec6a336d72c5c2527d5d6,1211
FINAL_FILE_RETENTION_v2.6.csv,a4824fea097fb371cbeb7d65a795e4b0e1a5ae4e26dc7b271d3f56c067940797,1244
FINAL_FILE_RETENTION_v2.7.csv,2d27f94835f53ffd39b45056187fcdbfc678b1a5b460dbd13969feed7d777a7c,1161
FINAL_FILE_RETENTION_v2.8.csv,8bf044cd934410f466944e6817caa6110d1030165015ab939e465c1cab970fce,1275
FINAL_FILE_RETENTION_v2.9.csv,7337d8a13bbeb0b7fd5e979ac58e4bbec3334b0998da25701b953854ebb2c5a9,1394
FINAL_FILE_RETENTION_v3.0.csv,139f4247335dcb22253b98b2c7deac7520d1c424ecd004be3a353269c95b95ee,1427
FINAL_FILE_RETENTION_v3.1.csv,eec142c4044732ceb2761b13355b43e28301d983e04452b28a98c4343f9f587a,1288
FINAL_FILE_RETENTION_v3.2.csv,e13fe71246b4c53439697315c70a049386755d723ea911966ad2dbe8a43714f3,1117
FINAL_FILE_RETENTION_v3.3.csv,0e27f3206c05ea8a1fe28894d4f00837766c5e8cdd310065000aa3ccd3e2c764,1388
FINAL_FILE_RETENTION_v3.4.csv,e3c24312ef59f23e954d77ea33d7c01f0940752d805e5d04b4a491a462cdb506,1339
firebase.json,5026cfe913aad18cedcf3f6ea5ad382e4a9ee182689867dcff57a62833427769,969
firestore.indexes.json,305fbfb7dbb9cbdec73525d4aac71204d944ad18f9d83e1eb205fdb3fef963ef,16893
firestore.rules,8a914b7d463744ca67652449292469abba3fc39a55efeaa9fc42b1a182f06be4,13294
FIRST_WRITE_EVIDENCE_v1.3.csv,a1193b7570015ba904df61c7c53590dc99c4d8d86620162e5d224570af1ff762,248
functions/.env.example,3585f9dd6c82d302612298a27672229962d8a3f4a00df46b30244838c4d61d7e,717
functions/.env.production.example,0b595612238cd8a0c7521ece53aca370635dd79c698da46a349c532313fcfecf,825
functions/.env.staging.example,4e085d125e25cc9dd33cdd05dd010bca35cf965b94e2b82ef66ddcc42a152163,662
functions/lib/admin-operations-core.js,109bb77d8a37cd57819c763d034923e2ee5684562988bee9b69aef39ad4f399c,3391
functions/lib/admin-operations-core.js.map,c94c8b5c586cec0f571eff482293b7d246f3b8eddeeedce903b2d0bd9af545aa,3199
functions/lib/admin-operations.js,ba3e5fafb39e323fa690aaed9a269aec88100522a670c14aa1a562b77fbe756a,16909
functions/lib/admin-operations.js.map,1b1d6844abc3fafc41b313fd727e05f86d5607b0263df30392e5fa2651d55891,16521
functions/lib/analytics-core.js,3b66b1e939d479f23f9bc6c573e862a686f28b2488c3e3411aebe703f2f2a2a2,9971
functions/lib/analytics-core.js.map,00ef516706c8083162ad6275ad632fa057e107a0d6428c5bae2a649a25a4e922,10322
functions/lib/analytics.js,f8955b591d398a4be9aa2fc8252021a38b91a5e102913265fa1975710cf762a8,12722
functions/lib/analytics.js.map,46bcbd50a79bbb80fa82bc800be8cd2893bcf7b08a1953b68d3c464a11697e06,11064
functions/lib/auth.js,d18c98c433175a01337300b98d33c3034a16325206ccc05dae91c9ca0ee604e6,3325
functions/lib/auth.js.map,0b40e611921f568ef80dc3d1bd30524a70b247886efc7a14ae0ff27f68285d7f,2845
functions/lib/billing-core.js,53d1e8e7d405ea803d9601c179c444bfe619679508987cee1aafd2751b5d4f4b,2467
functions/lib/billing-core.js.map,28eac7979d0d9816969149f0fc3cecbee021228458ab0b54d247c27e51abc446,2525
functions/lib/case-id.js,06094059b717d3147cb86f5951543ae5f6b521a5d72b395cfcb1e640c4115ed8,1967
functions/lib/case-id.js.map,83bc698e2a849669652b0a65f30b830ec8a1bdc59ef639423423a5182fabf194,1528
functions/lib/customization-estimate-core.js,b7d079f0802f3219286ea14b58dfe3acd78722c4695449f16fcda44d5cf91277,2011
functions/lib/customization-estimate-core.js.map,0038c696522b8e3c1e28d4e58620d0106ae97833ff2f388efa4d125c263958aa,2162
functions/lib/devices.js,8bdfbb8111906834c451292cfc8e8e1af53a17d73088a1dcc0ab4b6470be4644,9827
functions/lib/devices.js.map,51479beb878b8fc27d089611a9316b3b72344a82a7d4e0b5216dea4b72db59ba,9933
functions/lib/environment-config-core.js,fd6c4b5474ba6e90cb9faf5f3ba2e3f366be819536f9e5f823b34913f9b26ad5,2380
functions/lib/environment-config-core.js.map,d5a8c41d83baf994f802daf9f18b5f6cddb97f60b54bcbf18c360d72b1ddf195,2066
functions/lib/final-retention-core.js,b44c179978fc74864832b411f8b636e00082dcf975f6e591a8818f16e0b91873,1956
functions/lib/final-retention-core.js.map,a2bf44745b8ef150f8bceea749e5871eb1402dc3a4352d7e27fc6174499384d6,1274
functions/lib/firebase.js,9f0547034cfe26658b15a3417cac1e7466cf0626f862632c317fb7fca13787d6,1421
functions/lib/firebase.js.map,d377ecaee43a5d1284a796ff3facd0bca743eb151c654662d70b4ada78085462,1058
functions/lib/first-write-gate-core.js,b1d6c2ccaa5294ddffffa1ce066fc44b41d44213ef28bc83270714243ecbd1c9,1949
functions/lib/first-write-gate-core.js.map,19fb8df63d9723120709be2056152d6ab9e82ba7e6a9c9d1af755506a5d3f8a0,1919
functions/lib/gas-audit-core.js,38557711308157e374582dc82654c5419ac8cc58f5713e609662aae518063188,6363
functions/lib/gas-audit-core.js.map,2058636591c67cc402ddfe92ba9a5135d084d1f09fcf5fba07b33eb7ea8e60d6,6114
functions/lib/gas-audit.js,2fed234d7c9e3dcfc401802488ff9169ef64ad5e7ce474f1686151b5fd6d7653,5678
functions/lib/gas-audit.js.map,a6d5ff7d1e4114944b538b391bd63ae4ae0902cee382723546339b833c83449c,5567
functions/lib/gas-patch-core.js,6b0c3b679e34823bfd870cc5547b63961d6223133aa4cb3755f190cd5a5d1a57,9320
functions/lib/gas-patch-core.js.map,be0c161f8a7d96896a5fc589175316c4d043b5b8b7cdd2ea62d0931d889ac955,6687
functions/lib/gas-patch.js,d1562c1c05ad477a94d38556d9d71def814dd335ee58ced296709be1242564e9,4770
functions/lib/gas-patch.js.map,10eec607547d505b4492892701796d69e41e713e86f6aec407b990b477a8f3d6,4708
functions/lib/gas-regression-core.js,4497797b1032d3052b5e4e6db29b82ea37f0bb1c6dd7c0b30624cc690eff52bd,2706
functions/lib/gas-regression-core.js.map,19ff206150dac7999a5864773afd81d953e0c3afeceacaff8fa0c5fec1012737,2339
functions/lib/gas-remediation-core.js,b8cdf8a373b5dc52c1860eb37b57f4c0eec0548fcefa3c7bf3336892ae7ff55a,2301
functions/lib/gas-remediation-core.js.map,e72892191d7052bec7d238f786831d1959102e56b7ea3c32f70e860eb4006419,2509
functions/lib/gas-remediation.js,628851ca0059a07770d70fab2b40d948ed45457f4326cf8b61612fb7c3067211,7720
functions/lib/gas-remediation.js.map,026f27a46e001a7fca6362d590768f6343bb943ebafe140b68091cd93820dbc0,7659
functions/lib/gas-secret-scan-core.js,b880a9f0a56d64da0fa114b48aa2f105a3bfc8d526e8a5da8da6b76898e94875,5532
functions/lib/gas-secret-scan-core.js.map,3db36dfc11e2c1e6ccf06b55862002abf85ae455ebdc8f2c2eb41d15bca7e0ba,3877
functions/lib/index.js,ce701e3abc611f64d61ab3a35117c892a590f40a4ca30391e06bbbbb26b0a5e5,24422
functions/lib/index.js.map,8f9cd78ba05dc89775ae191429542cbf57b21ffed85ee1d75924b6bfabaedb47,3581
functions/lib/industry-template-core.js,6b0444139251c659ec192c9a2a452831e98815c795f942d15eea6dfce66267a6,1365
functions/lib/industry-template-core.js.map,fafe775507f45488daeeb663538276d2a288dcb76aca0ec0fb0e62ef2cf90d97,1488
functions/lib/invoice-core.js,934b700fe7b3f5b7b03bd6c4c8ca55a407dd7084ec7c3defa850a2c32677794c,1183
functions/lib/invoice-core.js.map,3d0d5223515cf101a722c473d013c1227834fc5e203aac3ce25bafce4a169dd4,1069
functions/lib/job-management-core.js,f2bc5f10496ed2e3eca43efa54fee17ae829d81ad060a162b22a7ddb8e07b65d,6322
functions/lib/job-management-core.js.map,6473009e2d1a6fb105761d173e83e667e49dea506711e2082cd390885d6e5eea,5781
functions/lib/job-management.js,02228d260ac76c7c04428d6719b8d74968779fe6381bab1dcab038c704c5c4fe,30150
functions/lib/job-management.js.map,d7f4b82776c30805e3ce773bac24e8dcd5e8b6545e19542f2c7662381125485b,28215
functions/lib/jobs.js,8f9fcaad9e0d71a5efe0b3a3594734e98b5d322848b321ddd5d335bccba0a1db,8518
functions/lib/jobs.js.map,5c95baa29e052d80d0a4a839396fc6cb93b7145e117ab51fb950daf489ea014b,7374
functions/lib/login-links.js,6e80032b11ad493c33c3bee36001e8b0f38e2abeffe229df2cd3f1b7c9540723,18224
functions/lib/login-links.js.map,eb07e9dc6c404a7d3dc7b6459674c228bcb2230671239d1a1fa99ace05acc070,15672
functions/lib/mail-sender.js,7290610c24006c2a459b29f68754c4827431c7d6e36f0c5809833195ac2ab048,3193
functions/lib/mail-sender.js.map,107950de4c015a81da17ec64a1fe8cb0cdf513e8aebc7f8cbf48fb81d0e0cd72,2720
functions/lib/module-catalog-core.js,2afd72eb62190f704e9d892296589892169a59be760a51750095e6e6cbf8bdd4,2533
functions/lib/module-catalog-core.js.map,6f0265e1a70f9e02c76de87d77a9626fbe8da396488a23cdfb045f107e88010c,3183
functions/lib/month-sheet-core.js,7fde69baf2a5f06807119b626e53eff98427690ab548e6f141f300621f061fbd,6050
functions/lib/month-sheet-core.js.map,db161225faf99fff3140fc3b46ccec7cf13423bcb7212387057fada049c2837c,6279
functions/lib/month-sheet.js,b8b58cb3ec94a0d8e71d55fc8c104fa8b3859a0521787597987eb86dbafcc45c,21056
functions/lib/month-sheet.js.map,6c6d482ba8b5f290431d3b2f920cf01a4f13d941723ba8401c1abc38740121c4,19003
functions/lib/netprint.js,b42f26c51f8399c7ab5cadc169465bccacac4715e5a14ea874a37f2caaee4bb2,6411
functions/lib/netprint.js.map,334a220cc4e69af6099a8307ea5407294245c6c8afe22fe788521adf61e69f06,6405
functions/lib/notification-core.js,f47ec6f628d844902fdc2e2a310f83878f5266bb9b57445e33563538ab01329d,3244
functions/lib/notification-core.js.map,b09a7bff9f61cfee0a12fc101153bb33ec365510d122597f8d9fa38aaef7f803,2945
functions/lib/notification-time.js,a3545d1e32b5d3e0fc279f517e5d038232b682f9cf9d4515d167b0212c82ada5,3490
functions/lib/notification-time.js.map,72e2de28385922d88076d7bf6e650682d790b2f911c4747cb7ff5503d975d6c6,3718
functions/lib/notifications.js,6ef7fc7e3e70f64b967fdae9bafad320c5523b9c08e93c327df9f00218b308d9,10745
functions/lib/notifications.js.map,c490ef0eae4376c111f9616ddadee5a531d4740ca9a28c5ede42412bd6b24f6c,10204
functions/lib/pilot-expansion-core.js,4670dfb8dcabb190fe2b118406a11dc8e46a63de9849bb6d9815d42d203a14de,5531
functions/lib/pilot-expansion-core.js.map,ad4cf81a6a8cab7fcfb6bed9b658fd4525afc11aea86b8cf13866948ac8a4bfa,5175
functions/lib/pilot-expansion.js,5969db6748e15ff0e0aea3640b27013cfba7936c272e25775a1aefeda972497b,17004
functions/lib/pilot-expansion.js.map,8e1215673c5582cfa864facb1eae1df9da6871495908f7f6071fa2642088cc5b,16017
functions/lib/pilot-monitoring.js,9441a5a2cf700d10a5344acc3c5ece53b0beaf57c591822b1751c7c082cb4af6,23567
functions/lib/pilot-monitoring.js.map,e279691b75dd1c1fd3f2781318998b96909dc842951d7d537a1a2bd0b9377e14,21039
functions/lib/pilot-rollout-core.js,20b3d754473a717096ab0d4263030c430fa772997956b6585cf3f0bbb964f439,4482
functions/lib/pilot-rollout-core.js.map,78a1efe59f1828776d8c1bfc3097bc4dab4529c14615143d6fc50af3b2ff2af7,4146
functions/lib/precontact.js,c25b21cebe2f7eb31e7e4cb1962f805ddbbc443498779e71eed4ac4dc4671826,3417
functions/lib/precontact.js.map,e457a7874ce01d9a19f27b93e4beb76c6b4fa2110b8e896bcfcf8ca8c7235d02,2906
functions/lib/production-approval-package-core.js,7c4de3a0219fdd08eca5a7a2bb5936c4ca0e398e35f49c7eccecbf545318e216,8538
functions/lib/production-approval-package-core.js.map,f612f098d3e97366a374397e7aca9a5003cd4bc39246d79017178e473a6b9fa4,7335
functions/lib/production-approval-package.js,9da4206a9b37454987d8705176e92468304054dae1a81232c0055b0e970b9172,12792
functions/lib/production-approval-package.js.map,efcf83ce602c9552070a349c864b12bfab77e329d724acfda314d884635f8fb3,10105
functions/lib/production-control.js,1aa87677fc714498b33c2f3530d817b61aebae3580bedf47f47cbbd1180a6bbf,28678
functions/lib/production-control.js.map,2b2e47878503fc25ee8ebb85bed6d081cf22a89dc27834a72160e429cc87025f,24910
functions/lib/production-cutover-core.js,3577a07251f9c540e4ed5a68e39ea35bf1e340aefab0de71258efc4edbaeaf91,14717
functions/lib/production-cutover-core.js.map,dc21918cd0e46e27eff4cccd8daac8b586b918259fc9667ba4cddfe2dd177764,13155
functions/lib/production-cutover.js,2d2e1f9551fec5a3483ed094af3c09f24da26d05df8245175ae15f19bc31ebd7,26135
functions/lib/production-cutover.js.map,aeb4e187f37988a6684c779cfd00cb07647cef60908ef8ee1e559c52249801fb,27073
functions/lib/production-rehearsal-core.js,29b6d941b476e582d689eb19d4707f5ed8394fc7c624a5dda984b3e089aabaf4,7058
functions/lib/production-rehearsal-core.js.map,8f567b7d8c56f714848bf42e8c010f802ab369feb1617b05630dea537e61bdba,6114
functions/lib/production-rehearsal.js,17711be4d32517d9927d86bfcf856bf2692fd5abe1aed29531aadfb5c2243788,13874
functions/lib/production-rehearsal.js.map,4561ea8e401402c9943628ce46ac5dcb7d7d3ef2a27a771bd7ff2d3569eb1e60,14594
functions/lib/production-release-core.js,7e67963286256ac3975a84446a3d0e6258790fe890ad204a0c8262de3d28bf42,3685
functions/lib/production-release-core.js.map,62a674541b1c75d7ee4c787971690a2e2a96ce7a33f705a3db21ca23b627050c,3388
functions/lib/production-slo-core.js,afc4ade01fdecffe4debef8e341a15a7a009c2919e85a5da791e1f60856396a6,14322
functions/lib/production-slo-core.js.map,147f9004fb03b7df8424f74ccb05ba2b1b1ee78152516b99d65029259ad2660a,13625
functions/lib/production-slo.js,064833272cf45e29d5d0033d0dd64fe98cfed758e1bd10f81f4031a2a9a001de,24961
functions/lib/production-slo.js.map,d17b4851d9733f5a22f15ee796de1f4443d0efdcc0ada36fa710e6287eb085be,26811
functions/lib/proposal-core.js,118dafcbd6c7976a5a3ee7a47af63b010f2962d710f8d1dbf26efe4eac8a4ee5,813
functions/lib/proposal-core.js.map,8d7446381d0f87249037b99fb44e22e5225db7b00ef10eb777f2849ecefa5339,741
functions/lib/push-tokens.js,baffb83c7e40722a2fee0f0434e97923f7e4b4e0024c09c615e6380363575b8f,5436
functions/lib/push-tokens.js.map,34337923e25be3fb03222b53a5d5244c853bc7e0b33187e06871ab9feeddae10,5027
functions/lib/recovery-core.js,321806f728b7494f36030d874fa68c381e242c93bcb7baf785bb198ab38e35d0,1657
functions/lib/recovery-core.js.map,4121b6035cc4ff06cc4934f6ee385ee29d319a884d2c4898c004cec244c911fe,956
functions/lib/release-artifact-core.js,57269c5c1b63021280d8958d543e130b2291e166190dbf68856c7b3845345f3b,2531
functions/lib/release-artifact-core.js.map,a4c73f32e59b5d929b4432ebd3264361aab11dd701f2afed5430521e135a8483,1647
functions/lib/release-gate-core.js,b1730a650d353fb09b784f5ad17bd01effa2a9651bb6428c5ea9a6e8751e610c,2489
functions/lib/release-gate-core.js.map,fc808bb0fbcba46784fbc37cd6e1d3d1aa5b57b5671641f524c9a1ad919cf4f9,2328
functions/lib/reminder-scheduler.js,9b08777a5c8eb41aaf2ceeb62241f73d6b7767bb8ab5ac08c3cac31289a1f9a0,11256
functions/lib/reminder-scheduler.js.map,fcfea28e2f85efa5d05fda2ad1da166b2636c251204355be12a2679b8ee43a52,9418
functions/lib/resubmissions.js,9bf500c8954ef54528f4d669283faef7062730f408757fc2806ed97f10830fbb,6995
functions/lib/resubmissions.js.map,af46c481ad80220e79f2928bee618ddcc899f4904291d9db6c9cab5261caa2ad,7003
functions/lib/safe-sheet-writes.js,7f26ceab1a1aae514f0eb7d421159054bf90caa55f1637e150f7611625a65c37,10954
functions/lib/safe-sheet-writes.js.map,b83fd6aa0fd7b89373a67d02d294974a318f1a429dfb1270888870cf67bf4994,12502
functions/lib/setup-wizard-core.js,e19a0031266a5542b9166acd7172bf25ae9031d3e7fb0283d42ec5f1196bbe9b,9797
functions/lib/setup-wizard-core.js.map,7d0549a4d49e6c21deacf074983d41faf6369fb7b142a947360658a1c968e869,8789
functions/lib/setup-wizard.js,8069a4958578c764536d5cb5a4c7902a6c4085b5b12c7352a47064e4f7115ec8,13243
functions/lib/setup-wizard.js.map,fa23e197a54a689ae90503993483013e774edc327dc12f094d5cfc925355855c,12290
functions/lib/sheet-reader.js,5d13f3a96f151f5e3a32a73134121d303ac3191b79ecf028a71564b7c17d77af,5434
functions/lib/sheet-reader.js.map,15bf6a7d5422bb420eabb04eba2fee4ba0cd95bcdf4991791837d4e76a3dc826,5821
functions/lib/sheet-row-creation-core.js,b059bfc15a3326b8eebb5627110e4f0b1582d580b9558b341136627e0d340fb8,6207
functions/lib/sheet-row-creation-core.js.map,93277c04a68c3c19f65d54f13bded67c04030837caedb339af3d89c9e36d43ee,5885
functions/lib/sheet-row-creation.js,05124fb66289defd57bd85888f54f01ca3a8e554e6ce0e665e814e8a60dfcbf2,39988
functions/lib/sheet-row-creation.js.map,f856f59e1efe10278e8de7a80f27247e690eab5afa45bd86955523cbdf9b418b,35876
functions/lib/sheet-sync.js,ca32ccce17f940ae228465cd7ad5de52495e5d959160d308fb1e5648492e419b,3513
functions/lib/sheet-sync.js.map,0931cd05da4fd700689f8b4d3c121e1b4a50638e453cee81b42aabb1a50b7603,3193
functions/lib/sheet-write-core.js,35fa2e415b0d30875fbb778c554c7e55995e373bc5a58f245cb652aeb59bee45,1839
functions/lib/sheet-write-core.js.map,49138d11b220dcfe6c6499c905c257ffe2d8eb8cd327ec85eec6f85584933037,1897
functions/lib/shift-import-types.js,f43295eeaf67188a666e1dcf9ae8e96a388c854272164f82e22a023f7a8cefa3,123
functions/lib/shift-import-types.js.map,40174e2276792a73e37ab373fd2a3ec5b6f6ed9d5d04fe00f7e370f9f6a3b8e5,128
functions/lib/shift-import.js,445edbd2a456d2182711fa7e081015a3283619c09d240a10c1a320b43f517008,20137
functions/lib/shift-import.js.map,3899cec272359434dc6b761a12f13c8c45ac3cc28c1f321ae32d74c25260efbb,19239
functions/lib/shift-parser.js,d0a0872752a28dbe252954671e8f479d8de66552e0f12436cd81f8a8e6b0f553,12478
functions/lib/shift-parser.js.map,019a33a08006e546fca10d196fc2c45180f7812706019a78436a6d8fb74c685d,12373
functions/lib/staff-identity.js,6ba0d866caa26f0282c786d81e4564c7823d3813ff856e781cdc60e67c9967fe,1201
functions/lib/staff-identity.js.map,c4991e4b3150686ec1d5d0cfe30016dec858d4bd11f6e1d236ab355cbac4e69d,1065
functions/lib/staff-import-types.js,bab9f461addf85abb8858d37478cfd19cfc7634fd34dfbb53188388c75244642,123
functions/lib/staff-import-types.js.map,04ccf861b2de2c540ddb4b9202cec5675c9bd63285de0cdad7f63abe0592c5da,128
functions/lib/staff-import.js,1172a7e0922af30e4be2a0e683e1ac977a26ec351d68532a422a22385a6b4cdf,20812
functions/lib/staff-import.js.map,dfc6b070791549b37ea091bb1de3cf900ed22ccc79d99125428e471de1e0628d,20102
functions/lib/staff-parser.js,6bc5dab38d8a62a3bb7c9f7703b48e227b6ff893be577b6715e018f531bdb7ee,8158
functions/lib/staff-parser.js.map,ac8b4028807b8f2bb063f066c8787a0f8222952f73967ef4b507c83665d0735e,8251
functions/lib/staff-tasks.js,015552bafc3b31a6960e57365e9b1fd760e0be559b156ff03023a0fd7b8225cf,2435
functions/lib/staff-tasks.js.map,2a6b0431dfb81af28a7f94315cc8d90678f1df849ceda412219142322323840b,2530
functions/lib/staged-rollout-core.js,6a37724d1aa89520a61cdc46083fe36329f22da8b8d7226cfecdaba39c85d78f,4011
functions/lib/staged-rollout-core.js.map,6589a13d9f77156a87f978272c7a5f9d68c0f3146dca527e7bfed7248025200b,3841
functions/lib/staged-rollout.js,d060cbc77236096d1b02ac559f8d980fa008a79ed0078eb2bde3bf09ba338ca5,30765
functions/lib/staged-rollout.js.map,3b20743f016faa24efac8536a40d4340793c9fb207a30582eeb4ec072027a4e7,27556
functions/lib/submission-files.js,627995c42bd3f0c80b672342b214a87a691dc4450562d60ec8423b1bf8c9858d,8341
functions/lib/submission-files.js.map,1decc49610631a5aa6d9ad448d8d6a0b7061305b47f9d22b06638d8a33848583,8926
functions/lib/submission-status.js,0dfa03195016bf3bdea219f8a81cd19b0fe02a21f0ea6a55700f85d2100bddff,4716
functions/lib/submission-status.js.map,a614cdc76e49e9deca5a367b5ed8f2716b9530464468b9c4a48dcfcbef309ac8,4337
functions/lib/system-safety.js,6f871fbe0fafd5cd619a0b23317d4786317fec3f4406afa11a2be7303ca8cf60,1712
functions/lib/system-safety.js.map,eb969a9585c7b3475384e6debc3f75398345f50762b6255727c79452c1b44de2,1236
functions/lib/task-core.js,6dd3a1c5911dd97fea7b6bb89a64a0fa3aae8f0f970e76acd287234c3b0a7390,4775
functions/lib/task-core.js.map,cafa3a4aa70d02c09a2940799ef6d410d6a757c243f9ae6e71eedce418b9b0f3,4601
functions/lib/tenant-backup-core.js,aab7dbc288137d7bc02400e3541109962759f1393533a3f9b6a5b0a5a25bddc9,856
functions/lib/tenant-backup-core.js.map,4022833de2844953de733098986eb2c17c3529bc73f99b4b0ca45a7bb2b86e6d,801
functions/lib/tenant-branding-core.js,f05e810e86d3cc61982e2345a2366b792c6f7ca84117e101c5fb136bd6c50d75,1236
functions/lib/tenant-branding-core.js.map,28e67654a0dd481bcc7aeaf4f1de15f593e0d11171aac7c85950d7e69d23f2f7,1257
functions/lib/tenant-core.js,a5dde8d02465a2aea5e6e1a1bf9a531c48d8ceb2159791466020c66269be373f,2388
functions/lib/tenant-core.js.map,20de5ba8b6dc8e2c0598bf60a253eed8459759d9a988dc69210b2e4999ab94e3,2514
functions/lib/tenant-isolation-core.js,5708e30ecab994476b7d5b352cdbaf5371e2d1ec87f0e7f1226ac82993fba682,1324
functions/lib/tenant-isolation-core.js.map,3326990455091c03a7450efc9f26b164615ee97024050d0679f844640b97a83f,1383
functions/lib/uploads.js,294141974dbf6a51662e454903b55a0e080fdb965c0def95dab9ae6e7e20914f,13065
functions/lib/uploads.js.map,64a4ccad3ce16a65b6dcd6e35e359b3e7d7292522cc05f127e0f7722372143e4,12323
functions/lib/utils.js,9db2c06140ccc184269d75661594c8c88e225a75c3a4ae86047cee4125f10d3c,1973
functions/lib/utils.js.map,419988827d2ba502a35b3a59980c8e5bc5e3efa2315d91662de0e4468c067fe7,1602
functions/lib/webhook-core.js,3e04dc20fd5d8c8b91a5dc419d353db0fa055de0ff3e93cbeb5eafb5e5cf4f3f,1057
functions/lib/webhook-core.js.map,2b72480afb7ce904e60d11d648746e623e5c4a8470c84a677b4b8e0baa4ca7c2,1102
functions/package.json,4c1a47f2f68436a03e75c86bcfc502850df6b4eb44bd390316898cf6f669feab,10245
functions/src/admin-operations-core.ts,a55740440190deb3f36eb45d84324a85bf30a1539957a4a1d6b8e58b7506b07a,3595
functions/src/admin-operations.ts,a41a707bb033601daad2256eed957313b95daef6cc70997d4b0a61b95fec39ee,14649
functions/src/analytics-core.ts,b56bc73cd9ef7590ab563080a417ab72b2a9eeb564d15fb95585078ee1dcbcfd,12491
functions/src/analytics.ts,977ed10c52672d075812e9ab7c9464ad4c1976d41f6b7c3345e78cfcff19c610,10920
functions/src/auth.ts,51d5a61a7327fde7b47fd597b37992a6b8d5250fe07415f61f7402b37868eddc,2829
functions/src/billing-core.ts,5f16ce2185888da40ebf5874b45da1ebd9d49bd75fe4cb2888e82867a5f466db,2950
functions/src/case-id.ts,7c03676a32947d8c7a81a8a5b7600c1870ccd2c41b036362bf3e8dd475422d87,1975
functions/src/customization-estimate-core.ts,4cd5658825812a1bb95234461218d015c23a10dc7e31f39d7430275b1ad84492,1873
functions/src/devices.ts,d76dff753fdc904195077122c8a303d89c6573cb5912e115ef06c89469445840,8494
functions/src/environment-config-core.ts,431c1165461ab2a8a6ad36a55b2e2969c740f9c48914e8480cc6b0af82805582,2442
functions/src/final-retention-core.ts,42d094f9cba423e0f84fad1fe381b8f68268d593a11849eee4bedee6e87f1cb2,2157
functions/src/firebase.ts,f29ee2d170e9af1bd10bdc51c1240b10e8d1371846323557a16e48d289342374,1226
functions/src/first-write-gate-core.ts,df7864921b6059d647a18ae2783a5d394738a987b86e34aca5a59b90dae962de,2172
functions/src/gas-audit-core.ts,d7a929e3135cba4678547586b2bdc26bced1be12a0a569eda5691379a18e2304,6538
functions/src/gas-audit.ts,31dc37a3609dd4427eef3417067a6a0e9238c6c60b34a01587939ed18c0325f2,4635
functions/src/gas-patch-core.ts,54f6dcce8944e2595f7efa2476b4215ff8b333569ed353fd3784d4fce13219af,9545
functions/src/gas-patch.ts,64bbbed62fb73f3ec5ee57b1f404a0bc8099d809eddb2044f1731509a0c69147,3896
functions/src/gas-regression-core.ts,f6ffa5f9a3e2c3c1789aa8d7298665b99cbf4c26fa1eeca586e9cb88e455bcff,3031
functions/src/gas-remediation-core.ts,2d7acd28be50e1b42a9a41f83f767f94acb4381d8124cf43e5d8202062c0e7d3,3044
functions/src/gas-remediation.ts,393b21e3b16966e878793b4ec5a3de9a386dfddfd6bb0e4483fe97f74b6a1a1f,6620
functions/src/gas-secret-scan-core.ts,575200a29905586059a45d4df37ff314889d296abdaeb922fd2efdaf958ccbb9,5764
functions/src/index.ts,e6f6318bfeaed967fb8a9034415fa459d105399bafb74777e520ebfc3fdc36e3,4433
functions/src/industry-template-core.ts,0c10df8fdeeb26aa13693c34fe60ce3edd94d4768b6326f4b0a350c8ecaabdf2,1036
functions/src/invoice-core.ts,c3a5840b6c81f0ff88a3ae6cb43c6aefc9f4e16466e62efefba94c356ca3ed71,1160
functions/src/job-management-core.ts,0e49f027b50caeac6b9e93f9e132dec0bcb2019ea83dd33994b1488449216c0a,6725
functions/src/job-management.ts,670c35617dacf40b67aad47ac110d2f44ec09e27cddcbd968a7030db7ee6cfb2,26506
functions/src/jobs.ts,dc7a1b3fc4565ca4833b779d07eb3d82ae09ac2d7a0b85ab508b41cc58cbd22e,7257
functions/src/login-links.ts,3c76554822df7839e379abc54b0b394d1aa9262791ec17c45ea282f338696c04,16978
functions/src/mail-sender.ts,2babb99ca0991396e1744f756b16522706a3a9345f09da078994618c958db198,3029
functions/src/module-catalog-core.ts,497a3b07b2eb4cea784182fa254c42aff891daadb11d3375fe28d36fa3a0835d,2175
functions/src/month-sheet-core.ts,7bfd68add8ffd736c9348ba9b51a07dd2ef236167d375ef91509e047a5d75191,6487
functions/src/month-sheet.ts,cdab6313b2dead83dd234b519423250a6bf255ae622b3d2001012473612d44b0,21671
functions/src/netprint.ts,6931ce0088bab53e62d661e3a2b1ef30d88a50362480b9e7318431231d899403,5649
functions/src/notification-core.ts,c345f03893144b6ddf46f08468ff8bf2f7db34257ce696a658b15c17e954175c,3305
functions/src/notification-time.ts,e5d92241a28a36620af6a674c2e5c1cdb691f5446d78c68310e471e5e3220ec2,3351
functions/src/notifications.ts,2ea73f479c5872f2a106aed49c7cbf4ab8efae09761c9eb2150473849545c4af,9732
functions/src/pilot-expansion-core.ts,99c699b700695d9ed3154a2d7f312a44b687d8737384107e25ab4d1a8f3dc099,6345
functions/src/pilot-expansion.ts,268aef59ad06ff446302982d9978600c5d31d335094a212d0689f68a603f56bc,16163
functions/src/pilot-monitoring.ts,6743fd95fd49f50e83d5404449961dab97847d6a070478c0c390c5c34e0ced86,22780
functions/src/pilot-rollout-core.ts,3778d06ec245dc6392570f3b164f323d0f54b541e691878992ead74f9c4fafca,5285
functions/src/precontact.ts,868a68d215ad64b0f51c240a0962fc18b4ff601a36c3371d796f05d31e4bb077,2884
functions/src/production-approval-package-core.ts,838e071fd15976a892388501757439bb3593e4d677a3ecee3df46763cc72165a,9413
functions/src/production-approval-package.ts,020e5d88842753f077a7e2e684594d9d36c269d1fb7bf9aa40b1adeb205921df,12707
functions/src/production-control.ts,660e83480719c55abb576a0663444c0d14390534d3430f153ed64ab6c09f4dde,27306
functions/src/production-cutover-core.ts,9f074712aacde9e78fb5e0ac4ce2a7a0abc393b91335db481c92f925869b68dc,17638
functions/src/production-cutover.ts,b3088a70d13d94f3f1a3aaf6d06203d98b2d111c2cd16779fcc02f77feaf4bf1,23379
functions/src/production-rehearsal-core.ts,e067c8b95e44459793151acbb26ce1519766a5ef7a8ec05407bc0635d7aac581,8588
functions/src/production-rehearsal.ts,fe88dc1ed79b49850b5f3f8ff48a57cf592121c85bf3f0f7e342e55bd6b22f70,12180
functions/src/production-release-core.ts,09baee9a139b51d087c255c0f2da70334fb4120edbfef8108a8ec68a15c559df,4638
functions/src/production-slo-core.ts,c455439679ead11b3e70aa8ba1dd2f854f9da67d0519cdd5b5675c68b66999b1,16826
functions/src/production-slo.ts,9e355281ace23f912c699dc9e8521d11fbd12cbab63f882bdda53f2a6c7da941,22577
functions/src/proposal-core.ts,5c44f22fc0730debf6f5143f304850131a2aa623c26f8f4d4a32114082039b95,800
functions/src/push-tokens.ts,c11dc293c9d11117367334df1e5dda415703e85bdff587fab248a39dda26c03f,4486
functions/src/recovery-core.ts,d768f79da0eb8a45a57cd6e00ce8bca4c91228a0f372b6c49fc48dd5c4b8de3a,1747
functions/src/release-artifact-core.ts,7412a1228aa35ae6fe8fcc3fe4b856e032c9dbf210491cdb0c9cd8113d3cfed1,2581
functions/src/release-gate-core.ts,4200f6f998fc54a2673d2c665d7b769edff6d04cfc4113be0297ee8a0826a61a,3495
functions/src/reminder-scheduler.ts,49d19ba780c5951432387ac17c7b6e054d80f484509634480a8eee57ca1f8728,10775
functions/src/resubmissions.ts,27715c42bafcecd8c53dd5af8f2d78452987b2b3354c708bdbd91068073dea35,5966
functions/src/safe-sheet-writes.ts,10a2b319d46b95206f2edc2c10167ba1a7967ffdf1df8f7d99567fe8fc315626,10134
functions/src/setup-wizard-core.ts,fcdd924f7ea721fbbcad0b900e09efbfc44d942c0b4aa5015cecc51f3cd5b162,9372
functions/src/setup-wizard.ts,ec67171c68ec47ea8b8b5a8f51b8f6f47d5a3214e48ce2fa4d22e8fa8e8d0b0a,13182
functions/src/sheet-reader.ts,9362b67e922d89661a26999c4cb44c5394a199635627b69e0de5057a9202dce0,5496
functions/src/sheet-row-creation-core.ts,91225e75337e2b01e1c6b312e85a22fceb4a19e4b8617c84e34e4e1ac4141f41,6725
functions/src/sheet-row-creation.ts,50176838c6a43b955900d03bcc4bbe84f97ff5603de8a17804201bc6c96f4179,39616
functions/src/sheet-sync.ts,d3e8da8434faef3260532736ec3a5688094002cc7307f4cafb258a0148ade16d,3534
functions/src/sheet-write-core.ts,b2cd7aac8e4ea5cbaf75ac2cd1a8aa1aee2d25a0d41dbc849d04aea64265582d,1720
functions/src/shift-import-types.ts,d4faad843309280bca4da8373805156e2e504a814a981c92ade9b34af0dd742f,3068
functions/src/shift-import.ts,c493189276de81a9eae5148780200ae311a9746f6f15d9f2a7b2298af63f452d,19357
functions/src/shift-parser.ts,f3c9c9af212b71f7b40c8a923a2dceb4ee8dc631afdc94422ccf8b427887ab19,11897
functions/src/staff-identity.ts,b23d24d8a0d3db9137bdb2cf00050361b155f171c9bcc4351511f588eb834b79,932
functions/src/staff-import-types.ts,f12055100a88a603cff06737150551d1edbe768ad03ca3382f2bf084597e33dc,2076
functions/src/staff-import.ts,5ed73c9868778a9f1f6495b6516b4c642fbb4069274dec31418290bda7fefc98,20083
functions/src/staff-parser.ts,456bce26dfebb6b6f410121d2fb76369b1fe7c74f5796ab67f12ed261163920e,8165
functions/src/staff-tasks.ts,7d6f0ac311999ee0f197e41914a4bf220369c47aa8c49cfd9eb9504c2f6b04d3,2163
functions/src/staged-rollout-core.ts,dd4955f1fd9c00386827a2d0b94e176cb070d374f202348e424624a9d01bdc2f,4915
functions/src/staged-rollout.ts,bc86131080f8a184f2ded4944d0c82de032e140435f261bac2214b50e35681ba,29906
functions/src/submission-files.ts,0702f3485e5fc5c75f6413f9f845671efabc2e60678b5ed985e410d2232b96de,7554
functions/src/submission-status.ts,f75599cc7e155edfa695c4aded0402f0105bb7583a821097403aeb8921c62df6,4657
functions/src/system-safety.ts,25debd6fa931ce85b72f82d4f7e499db99b0054576af0f07a91ffb8917e61ce3,1618
functions/src/task-core.ts,5728a5575b887948ba059e41e19b10a3874faa47ffc23a6679bd4a12a8e3aba6,5613
functions/src/tenant-backup-core.ts,de35cf965be47122da0dc6b9aaef754e6c7ac38e9668b3d2f0bff324c6aa1bf8,632
functions/src/tenant-branding-core.ts,58c4f44c4e51834d3f3a45b782f75e3d7a14e2bc1d602a50cd5017305cdc6cb9,1066
functions/src/tenant-core.ts,0e8d370fd75a235dc09c413c160948856406bca1e4bd8642d0baabd838eb303f,2499
functions/src/tenant-isolation-core.ts,72e503b28c575b6f75336da5afbaef88000fbb670e34f4bb31b4a946ed98a97c,1097
functions/src/uploads.ts,6aa8fcc2cf640c352cf568c83b4efd3a1f6c8a95b15c5b4fd9db173f9222d5a6,11732
functions/src/utils.ts,c67183bf9d7d274e24a2261a6686824f3a57de7b0efa540d7d67d504190bd9f2,1753
functions/src/webhook-core.ts,f21535df4120cf08c647c93984dd3071cd6cc6b6fe34581d615a3569b7b4d448,1078
functions/test/admin-operations-core.test.ts,2d4b10071346fbc97abe421de94072645ec58f9b93db7e2780243b62ebe08c60,1643
functions/test/analytics-core.test.ts,186d769f047190ae01ef37752c17ff4be02e6904bf0916915553fff30cdc8ca6,3278
functions/test/billing-core.test.ts,157eba7391efb987f079e3f15c0653925f58fe12c2ec50bc49b14e3d39b047fb,881
functions/test/environment-config-core.test.ts,6e1e2a5d7b96f441e55ee61a531ecad1c998b7c4caf5e7fb8af0c21424523f9f,1060
functions/test/final-retention-core.test.ts,28ab4780a66d0860280782396180ede945b4874f066cf5e66c37bd60e21a9b28,850
functions/test/first-write-gate-core.test.ts,b1203e10a9ff44e423d9914fc602462a9ef8ffef1184d1f7e7ece7417bbc7b66,1241
functions/test/gas-audit-core.test.ts,86e7392f07a73423babefe0738eadd3c7447bfd8f031e0781101c029b6e7d332,1181
functions/test/gas-patch-core.test.ts,b4c7c2e258deb0d1dc2b000d9d3e7002d8f45facc919044947d5d4b39ddd1cf0,1032
functions/test/gas-regression-core.test.ts,103ee3fc52683e0b424948820e00efd70db3499ebad354987daeedcf3ace9d05,689
functions/test/gas-remediation-core.test.ts,ed3c2b009d3578ba610dbcd608cd7ae4a0ef791b79b6f595a19210e46fc8cc80,1456
functions/test/gas-secret-scan-core.test.ts,5da85dd6edc7c57696fc13cb70ebeffcbabe65b8c8792dd9d178c84c72a64a3d,838
functions/test/invoice-core.test.ts,6fcd2ee317ba5ce7d05a9b7547d3603726ec850880b47618004f034a87ee849a,562
functions/test/job-management-core.test.ts,967e3009b210290508dad5763e00596daf61d37c4f6b6b490f6de9695c36e093,2104
functions/test/month-sheet-core.test.ts,8cf6c42e996d4a79cdbcc5bf6f7534c4edceb9f1e658dd40c336c13888185b68,1654
functions/test/notification-time.test.ts,8305f676de6f0a2637ecd3f43165215f024cccb103b983aa041dd71c4f645dbe,1832
functions/test/pilot-expansion-core.test.ts,8dc6549c8d03876f12e11df0c0fe3653dd03fa9d9fff34b85465d630ef70ed99,2817
functions/test/pilot-rollout-core.test.ts,ee8df0bf97acf39ca39c525ee304724b070909bdec0e08fe641cf8b3ecc5c6be,2280
functions/test/production-approval-package-core.test.ts,4b13b5b17e624ba493b19bfff8b95d1383ef23da48b1968d813ddd7ae6f4e0bc,6109
functions/test/production-cutover-core.test.ts,ac6343713d071134d624179f0916de2ab55bc32a36d964b11099f3c5e0d8f5d6,7769
functions/test/production-rehearsal-core.test.ts,33247042153feaef4eee683103e758b9744cc97afde522c5751a82bbf5eb571c,3972
functions/test/production-release-core.test.ts,ae3fe2636b480ed67f1f69a2eb25efd51a040bb4db210032c6ea37a64b1664ba,3298
functions/test/production-slo-core.test.ts,02888745d5b3787d6b5c6e7ebe9ef1775889a3e1e48d23be5564df9072ad8ffb,7889
functions/test/recovery-core.test.ts,399691d718891dede5e812767b45aea24d7029407fd97acd5bbbdf8e5c4083ef,550
functions/test/release-artifact-core.test.ts,ddb0895a3f5b4a13361f73636d9cdeb96548f10e1f2fd7bad64434f6317cba9e,1110
functions/test/release-gate-core.test.ts,4a8b9cc5e1ef3e3ed6544db1969f1f9ccbe69720c0dfef1df80e440aa3415ef1,1122
functions/test/setup-wizard-core.test.ts,0ed2a91a1b53d3d62de6deb012bfb5811316341f7951992469164972e0f02975,2208
functions/test/sheet-row-creation-core.test.ts,93294747e81c6048e7da9524a94f57d9acae46d7026d23ffa9556f2134ef7b5e,2521
functions/test/sheet-write-core.test.ts,57532c7540dcebc15c087212b570b94acc5721b3679d97b87b7863b05421a7bc,765
functions/test/shift-import-core.test.ts,5261429fb820854e5dbccd6258af0d39b4b9cbbe84605eca03af4d2a677a2f40,3093
functions/test/staff-import-core.test.ts,fe795a51bb6b9e7be1ead9587c7c834dd5585289f53ea536d5e87f84e25e6852,3136
functions/test/staged-rollout-core.test.ts,679b63d622f3bc377e0b621c66ba8a4039bc2afee661392cfaed4ba2bcf958c1,3061
functions/test/task-core.test.ts,4404e02f0d8dff2017e51c804aef3743473766e25dd80dbaaeaccb773a81438e,1264
functions/test/tenant-backup-core.test.ts,bd578447b6abfd29851e69573a75b9bd767cc27f6c6e21d54950ffbc124431c2,365
functions/test/tenant-branding-core.test.ts,b4cd0fe3d2391b6d71b7b779fa5c4ba2aa2e1db6db48aea66519e14334ffddb8,400
functions/test/tenant-core.test.ts,70f4ce6ab04f3b485f498bba8370c32f46007c7ccd2df47e473ddffadbe05dc1,660
functions/test/tenant-isolation-core.test.ts,d5e1a69c910c2979554d812f6fe2c0c3e6a358b10ca4224e795c48643a2b9264,556
functions/test/v19-core.test.ts,a17053e0e73662f5fcacb0caaf8f6265f1cfddd3d6710786fb54aad8f2cdbcf9,1230
functions/test/webhook-core.test.ts,9ba27bc913809e03df8286e424ac3967fbcff9cc7c8e8956364ce6e993e1c06e,584
functions/tsconfig.billing-core-test.json,b4bfd9a6a1dda2adbf74e5df557178d78436323aa451766d737a7c737749546a,210
functions/tsconfig.environment-config-test.json,570da320c06d52d2566f998205af0f4a270840483a418cfb62a340c0b97e1f1d,238
functions/tsconfig.final-retention-test.json,5919ba6d93978609a9d6369139e523679179d54e2eee4a62788aa42b5c69c52f,229
functions/tsconfig.first-write-gate-test.json,36b1294956490e5aa6b9ffde3faff551be07131c8b995faca0daedfbc46e79ea,232
functions/tsconfig.gas-audit-test.json,63bb8e9df05b186375f5ef3f5731d973b44460824ee18b04162417df6fe9909c,211
functions/tsconfig.gas-patch-test.json,68cba9b663d9ba1b11d01aefcfd7b01fc8d4a77a8dbcbbc8ee082f273fc27fff,211
functions/tsconfig.gas-regression-test.json,6712f71331c2a5811e1be325a133839213ac3de68b5991c6ebd8af02c4a1a185,226
functions/tsconfig.gas-remediation-test.json,5b5d56ce710283e97e44b1197adfe67770235f9ac1aad9ee35067f55dbbc705d,229
functions/tsconfig.gas-secret-scan-test.json,f5f41f7039bfd27ce7ac8b31309b1e89ae8486ab924c19337d1411b1ac9f2533,229
functions/tsconfig.invoice-core-test.json,e57f5a520db9622b2648be0ef366526630ce65618ff1aacf24b7963eabf66b16,210
functions/tsconfig.json,0b79e3224dfd3c35a5947a14c60e7deba14214d46b1a9f9f2f8ce2de79c813d7,408
functions/tsconfig.pilot-expansion-test.json,10eccf8812540f37dab7f9f7eb6582665c01b246cdd3dbf922b5407f6df21c84,252
functions/tsconfig.pilot-rollout-test.json,fb392ce241382ecc942a0d5a1c505b56ed072d9b03d8acc3e6fe9f166e06b890,223
functions/tsconfig.production-approval-package-test.json,607ffe08febbaa57b498ea8063f3d1949b14424806109c39b93878106a786972,312
functions/tsconfig.production-cutover-test.json,2fb3983fedbd115357b3a237658c4f70f4b4ef8271777ee94b7858fce6c843da,235
functions/tsconfig.production-rehearsal-test.json,c3218c88cd58384ca7d3e45a7fa3a1ca19bfd7ab8fed3cbc9496e1fd6d98eda6,241
functions/tsconfig.production-release-test.json,ee25bc84317986c97ceaf195096f610a549652079e43bed5f3e1b3c9cbcfe696,261
functions/tsconfig.production-slo-test.json,9db94d20ba43cfe79a739b2b5c88184485427ef0bcd2a3e4e09219532de19772,270
functions/tsconfig.recovery-test.json,0ffbae938441c1693f71368a22e44fcefe344afc2c1d14836fb4796bdec61f53,208
functions/tsconfig.release-artifact-test.json,f9d22c43b3664ac2684687ad3ca9be96f4be70288980dc633888f2cdba0d103b,232
functions/tsconfig.release-gate-test.json,381065ad91b8b06dc5ada7fe53117a9b4bf0707f0975314f18a8f7f9a6b94088,220
functions/tsconfig.staged-rollout-test.json,9c2aecd042c5bc248a58d0c9816b3c80899bb2c1f6563d6920e5d4bdb3bc27b0,249
functions/tsconfig.tenant-backup-test.json,0cae355965ed1bb4e2e0617343d47786a531d6370e90100fe1d02b4983b8e2a7,223
functions/tsconfig.tenant-branding-test.json,c7b9a636bf444335205af9ac0f69bab134ffb4a758d1ec09ed0922a094cbec36,229
functions/tsconfig.tenant-core-test.json,126bed58e373e1f149b61ec0cd7e7d11ca0e983f385bbeaa11ec3c6b2f6ef0d4,207
functions/tsconfig.tenant-isolation-test.json,49561425e5e7d4caa3e407f75dcbe8b45d42c50dc26846993ce2808c0a03bed3,232
functions/tsconfig.v13-tests.json,e6dd1861f535049834af7955ae654b724365e982a7151ae18b12e00b8aedb3f1,258
functions/tsconfig.v14-tests.json,e6dd1861f535049834af7955ae654b724365e982a7151ae18b12e00b8aedb3f1,258
functions/tsconfig.v15-tests.json,e6dd1861f535049834af7955ae654b724365e982a7151ae18b12e00b8aedb3f1,258
functions/tsconfig.v16-tests.json,e6dd1861f535049834af7955ae654b724365e982a7151ae18b12e00b8aedb3f1,258
functions/tsconfig.v17-tests.json,e6dd1861f535049834af7955ae654b724365e982a7151ae18b12e00b8aedb3f1,258
functions/tsconfig.v18-tests.json,e6dd1861f535049834af7955ae654b724365e982a7151ae18b12e00b8aedb3f1,258
functions/tsconfig.v19-core-test.json,4ee61ab0627c613922f6bc85eedf827b6fe6595d7a5403f0390d796cd1623cfd,502
functions/tsconfig.v20-tests.json,e6dd1861f535049834af7955ae654b724365e982a7151ae18b12e00b8aedb3f1,258
functions/tsconfig.webhook-core-test.json,75f6e05a57f36af996f52528db841a08dda7c268e09fd9125075dfb99ecb1229,210
GAS_AUDIT_REMEDIATION_TRACKER_v1.3.csv,6c35d86d047850487866b68e53e60c14873e6942d86fc8af234f26e65a8ca8b2,345
GAS_FILE_INVENTORY_v1.4.csv,8c7f8991095c6a80eff1d3748c1f530c1690dcad0dd1c18ba0e51ced70b0dcfa,515
GAS_REGRESSION_TEST_CASES_v1.5.csv,030ed8f4cc36fa1ecea5fc6ed2967354bf53d60bc14188e027a314835e1ec9b5,1008
IMPLEMENTATION_STATUS.md,e6e1df6e10612f84c2ce01ba9665b5d7af1f12d4f23da4947dcc17ad2da170ca,8058
INCIDENT_LOG_TEMPLATE_v1.6.csv,ea182ae74180494b9a93602914daaeefb21d7c48d49109871ec03dd916b27e68,123
MODULE_PRICE_CATALOG_v1.9.csv,da7c6099723fa792d76a12a426705e3641d97e0ff930ed469e06d42d476fae58,394
ONE_WEEK_DELIVERY_PLAN_v1.9.csv,da0cea3d64e476040c75c1df1e35ed4ef8ce4b1430f6055ff7dab1bed46cf1c2,315
package-lock.json,7b7b2940143fb7cb114422551d32fe1313738222ff57785f9560af448198689e,361673
package.json,feefc72bb5bb2a23acbfbf29561f25f71c794a615abeabbd6e600d3fc20cd3d1,3612
PILOT_ROLLOUT_CHECKLIST_v1.6.csv,db7216bb801e50542ad66bb4165c222c7595524181da6bcd41111fef374049d0,390
PILOT_TEST_MATRIX_v1.1.csv,b5449f3bacea6fda5b95de869b18f4b912720820774136f4d15f458289848f2f,1207
PLAN_CATALOG_v1.7.csv,0731f892b551872850c334c104efa15340d81a2a4e888739feced54483e66f8d,239
POST_RELEASE_CHECKS_v2.0.csv,15751a201f3b90063acf1e7d6ad46237e991d3140205b4578fdc5c99f1b01dfd,336
PRICE_ID_MAPPING_TEMPLATE_v1.8.csv,6a7915b8d63df4824598ecdf1b6abeaf5abba7037a1d85b84289f9b39b953486,241
PRODUCTION_RELEASE_GATE_v2.0.csv,4e739162d4add3502981cad38e29e2df21ed014d2241ac448c97327674dd61a9,614
PRODUCTION_RELEASE_GATE_v2.1.csv,9363a8345d02de36dc93b07bd783e5ef3dfc3453323f33c43500ae1c5eb4cba9,1054
PRODUCTION_RELEASE_GATE_v2.2.csv,bce0531bb46e20417a36fcba1af8717be0e63ea97a583a2c93d3e4d1082a9854,1150
PRODUCTION_RELEASE_GATE_v2.3.csv,c4476f275fb59d5495b901f46f62c6248f32925a206cdaacbdbae4bae6363bb7,1431
PRODUCTION_RELEASE_GATE_v2.4.csv,2863b0053232a2deeedf5ddb6ea31fefc389ad088912f9d374d8adeccb21a3c0,1669
PRODUCTION_RELEASE_GATE_v2.5.csv,5bb0a3adb075cdeab0bcac64159e614206b2d7af222244b60906f91c67984d88,1782
PRODUCTION_RELEASE_GATE_v2.6.csv,69612512ddf26cc2705046b4075bdc22f288e01f2dbd722bdc96cb53e3756824,1912
PRODUCTION_RELEASE_GATE_v2.7.csv,31875bcc149e3d25eab6819ed8ee73e8827168b68b40b0574f9422d6a803cf90,1540
PRODUCTION_RELEASE_GATE_v2.8.csv,ce07429187c3ccf004cc3fca120e039dff2ce708f13fedfba1bca46a786a787e,1927
PRODUCTION_RELEASE_GATE_v2.9.csv,7ca0f3b8dad601708cb22ed6661deff816d5480de33a88664cf043ec26b52b73,2200
PRODUCTION_RELEASE_GATE_v3.0.csv,3eaf3e024408eef0468fa4ce9aadf29a4c6c6114c7cdb9d24f5f6f6ba8354ddd,1891
PRODUCTION_RELEASE_GATE_v3.1.csv,b32cefb6c69be97aa110dd047fcf22d1fcf779dac84369eb8c6192a06f7e980b,2155
PRODUCTION_RELEASE_GATE_v3.2.csv,df6721b7d467819c095974fbb4a2ffed2e43fec20e1e8a7cb5c40bdd722825d9,2298
PRODUCTION_RELEASE_GATE_v3.3.csv,7b8f33df789cc377d858d02e0daef4dbf8aa91ef7abf35defd0254e840534664,2456
PRODUCTION_RELEASE_GATE_v3.4.csv,33c8ce2c71a716b2a6274a9a584338cb58e51def0c92b0c117b08e0bf95dc860,1968
README.md,e70979ee5f9750b84c24ba4e5c8e60cad58e1866745e20ad21ae3aec39e85620,1076
scripts/check-bundle-size.mjs,80b6a4ad23bf2e5f4c61dde84e5a9236456a4acf96a8eca1a0490b7a5645541b,1497
scripts/clean-output.mjs,0d22d7553284b6a94716da178ef228c722938137aa64417bbabf013252817c24,589
scripts/create-release-checkpoint.mjs,0abe39ffb39670d38d80983ead9f45b4b15bd1135ff21a5b796d5bbb069756e6,2666
scripts/generate-checksums.mjs,c91f4ca46260aff8dbf9e7c1ce0c754b2a69c178ce7d703e2243ccee9e16b84c,2089
scripts/prepare-staging-rollback.mjs,c3684f1c4e79e5f365be3118f4f7a0cba3b1e35827069106671c898b569c7e53,1645
scripts/production-rehearsal-core.mjs,b07dab137e2d907dd32385bc43617b536b35a20cc8d3672a50053ad86209d163,2993
scripts/record-deployment-result.mjs,82fdc521bb464fae1235868e3db4064f17346b7674f990445390c57511920934,1141
scripts/release-checkpoint-core.mjs,eb8ebfeadbe0f2591ea549ee633f789881fb492cdc35af0065c230f98092d40f,15280
scripts/run-production-rehearsal.mjs,e9e524baa258543d875124306676d164734b0460643af48274b45c351dbfb502,1060
scripts/run-staging-smoke.mjs,e3a667b62a1cbeac3a68fd8046f1c0890e187605d427b4a7c327589f4a8308f3,4277
scripts/seed-emulator.mjs,6e04435fa20ed017f10120587d001b0df5a385ad0c5a49687fa1e62375920ddd,1737
scripts/setup-staging.mjs,b32d844254f243cfdae91bd903d81163d2e0f71522579fc5c98fd856a40e805f,3722
scripts/staging-deploy-readiness.mjs,47995a1a8fb74573bdff9fb726dddde975b875eac1705613a4dc799e45d96055,8046
scripts/staging-preflight.mjs,e3a067fbb14c72bf02555d4665448ac474e5e1a55ef3e29e681942ca099eeb26,13262
scripts/staging-setup-core.mjs,327ce06d76bcedf9728563fee651d8c796c086de645603cdf74ce05347dfd8e0,8808
scripts/staging-smoke-core.mjs,9ef2c499fba481bfdcad940829173fda0d9397b64e4702ec8e8b7f477c0909a3,16554
scripts/test-production-rehearsal.mjs,73faf2aa5ac0dc85fea1c74fd4b382c38850943f3caabe7b82a545827c74059a,1482
scripts/test-release-checkpoint.mjs,59027f53ceddd455aa564928f8a27b106e9f5f9a0a685dfbc8b45d91b9d4ad0c,9230
scripts/test-staging-automation.mjs,4ee1ba833ed41cd7a444d533edcaeb937bcbc586ec9db4490dd36560a1b160a3,5142
scripts/test-staging-smoke.mjs,4b14c54c9a85169133fe6bebe8b35d48fede1597936bfefc2870ce1004057054,5860
scripts/verify-case-id.mjs,0b1603df854c866c133df9d5c27a541d2008c9afdfaeaad029a0d346ff48d52e,1227
storage.rules,b6704ae434d4b67835b3462ee2bb179059a040ac5d123553a05cc390d656033e,759
TENANT_ONBOARDING_CHECKLIST_v1.7.csv,ba9735bda29ec98d27223cd0b424c90eaa59230d24ff2873c2db9f98134e8612,267
V12_TEST_MATRIX.csv,84d7947a795602e2a72d3338a5517f589049c0ac13ca2e3eee22f8cef4951390,994
V13_TEST_EXECUTION.txt,91e4c152bfec8ac74d2cf6793907be45ccaad776ce41294bd68546edf84b5195,501
V14_TEST_EXECUTION.txt,9e75edc189620b5d60373da17f5cb91bbc254009f379dbb95d6837e988ff92bb,536
V15_TEST_EXECUTION.txt,f41f3fbd11a45b2c4b3cedcf95c1b5dcaef2825b4959d1d67155ab254c18f93a,487
V16_TEST_EXECUTION.txt,ab8b3e358cad392c01aa443a0507ad5f2c792a087bff03e1bfc6c8d4052ae541,701
V20_TEST_EXECUTION.txt,739439a2b0f3cbae5b89c8a4a99c27f67b3adbf6027eff0db7e997466fe3bacf,1016
V21_TEST_EXECUTION.txt,cc19d4f1daf17563d373925e5bc2621a27aa137ce2abe0dfb9022e822489da89,699
V22_TEST_EXECUTION.txt,0216a6b589b2e853b3728586aed55371c9c6339f125a015faeb974dbdea4dc64,827
V23_TEST_EXECUTION.txt,e85ae47c9fa58ea40132ab230409601b9b806c34d84eddf101a29255e12551a5,999
V24_TEST_EXECUTION.txt,4df866d6a5f233a35e6e4acf32e5019be77b913422106db4425f4f00be4d092e,1111
V25_TEST_EXECUTION.txt,c8ce1814dc32734c9c76947a3659f4325e48317d8a96ab1ee736a9a594d88255,1171
V26_TEST_EXECUTION.txt,12e0fe2a7678ad2c0c599179bdb33ebedb67d086d1fa4ea560de5c2af25b83ff,1296
V27_TEST_EXECUTION.txt,4f316cc3bb9d38b86e81afbe5fc9958281fc31457555df66b62184f0bfc626b2,1308
V28_TEST_EXECUTION.txt,ace8f50cd0cd14284e642bbbd4f39777c12a43fe0f194bb3baf48215e204bbdb,1496
V29_TEST_EXECUTION.txt,8a8904b9c91c91c40af9f67de12f88ef5d06f3dbbabf4f6b5a42841b8fd8539f,1579
V30_TEST_EXECUTION.txt,051b12cc8d170d563ddcd6beadbb028801eff7741771e5dbbc693b1417fc4d94,1743
V31_TEST_EXECUTION.txt,8f23ed5506952636bee0f607303822130e11673acc04bd6bbda97cb0b6a5ee34,2140
V32_TEST_EXECUTION.txt,fa436b9eddb0403957b92b4634d06ff716f91cccaa0c4e2c83a8036561928a93,2439
V33_TEST_EXECUTION.txt,4ca87b0dee6d4fa1a90cd912f225283ec9ef54fc43e850793bbad0ff71f64bac,2781
V34_TEST_EXECUTION.txt,c0db10e267399192c7185264228a13e9cab9574a695bf562063d39e9a2e5ce7b,2818
VERSION_MANIFEST.md,d88e3921be560507363d1a75a541dc85be4d5d3288ed944b2e628aa2d6f96e81,449
